{
    "P1": [
        [
            890.5676504218308,
            0.0,
            368.85124971174844,
            0.0
        ],
        [
            0.0,
            890.2848322265409,
            295.93404777240687,
            0.0
        ],
        [
            0.0,
            0.0,
            1.0,
            0.0
        ]
    ],
    "P2": [
        [
            534.8013189434303,
            -14.687561233102157,
            804.8687630018026,
            -1242860.3388862626
        ],
        [
            -152.64003859344794,
            881.5174386705099,
            259.2286307359292,
            107918.81571675879
        ],
        [
            -0.5394667402409611,
            -0.008615527021916008,
            0.8419628310489282,
            367.4453686368114
        ]
    ],
    "projection_error": 0.3596839119694288
}