{
    "P1": [
        [
            886.8927620187613,
            0.0,
            373.2629942533224,
            0.0
        ],
        [
            0.0,
            886.4294660428774,
            286.11331993830413,
            0.0
        ],
        [
            0.0,
            0.0,
            1.0,
            0.0
        ]
    ],
    "P2": [
        [
            537.5990457663706,
            -5.5271871268046695,
            812.3276504476307,
            -1245099.4119573694
        ],
        [
            -152.41924197477888,
            887.8261295475581,
            250.35375423361438,
            108323.9726509554
        ],
        [
            -0.5366701251513887,
            0.0005857478402904049,
            0.8437919374285704,
            373.2959386899644
        ]
    ],
    "projection_error": 0.1426377282008588
}