{
    "P1": [
        [
            885.6625715610456,
            0.0,
            368.53867462999926,
            0.0
        ],
        [
            0.0,
            885.0053439722157,
            289.6360597782672,
            0.0
        ],
        [
            0.0,
            0.0,
            1.0,
            0.0
        ]
    ],
    "P2": [
        [
            536.393626750611,
            -7.932493349980226,
            807.1775411859819,
            -1237587.325244144
        ],
        [
            -152.81237759652467,
            885.3950745033801,
            253.9814634648748,
            109792.28601375861
        ],
        [
            -0.5378876061815113,
            -0.0003438666900060193,
            0.8430164914591072,
            380.5391002506323
        ]
    ],
    "projection_error": 0.17716852680008957
}